b,d41d8cd98f00b204e9800998ecf8427e,d41d8cd98f00b204e9800998ecf8427e,d41d8cd98f00b204e9800998ecf8427e,d41d8cd98f00b204e9800998ecf8427e,Oct22,01:13
c,d41d8cd98f00b204e9800998ecf8427e,d41d8cd98f00b204e9800998ecf8427e,d41d8cd98f00b204e9800998ecf8427e,d41d8cd98f00b204e9800998ecf8427e,Oct20,18:05
client.py,4d06b3ab42a03bfbf1f01b9ad43363e0,19513ea8a80b6b4d8a03b3a8e9025e50,b0eb91be94b76bad5c7e70cdf5ac34e0,7d3c902b26cefc6560c4d520b46a23ab,Oct22,01:05
e,d41d8cd98f00b204e9800998ecf8427e,d41d8cd98f00b204e9800998ecf8427e,d41d8cd98f00b204e9800998ecf8427e,d41d8cd98f00b204e9800998ecf8427e,Oct20,18:05
tapan,91fbc1ffc46dc5e768f6b154bb548e37,29bfe372865737fe2bfcfd3618b1da7d,7a1b97777d4e1458473334e4aefdc717,25711f0c332211078ed48d44cfaaede6,Oct21,18:09
